换货维修运费	要是换货补运费吗
愤怒情绪	问你等于白问
货已拒收	那我选择拒收吧
送货形式	 客户要求自提 
邮费差价	运费险报的也不够啊
无法下单	没法购买了
价格变动	L这个码的涨价了
货到付款	 可以发顺丰货到付款吗
赠品挑选更换	送的商品不能选
下单备注	一会买的时候备注可以吧
直播价格	直播活动价格
版本款型区别	那些版本什么区别
商品价格	咋卖的亲
保价咨询	现在买双十一保价不
配件套件单买	不知道能不能买配件
宝贝为何原价	3秒的时候拍下的，怎么是全额付款呀
取消退款	我想撤回我的退款申请
要求拒绝退款	点错了.你不同意退款就好了
商品单卖	组合不可以单买
能否直播价购买	可以拍了改成直播价格吗
催促退款	能快点退吗有急用
安装服务及费用	请问这款给安装吗
商品质量问题	 质量不好
商品材质	是玻璃的吗
取消订单	怎么1小时就给我取消订单了
领取红包	请问有红包吗
尾款无法支付	订单不能合并支付尾款
购物券无法用	为什么钱满足条件，购物劵不能用
如何下单付款	可以一次性付款吗
直播价格	直播是三百吗
催促快递	帮催下快递
红包未用	我红包忘记用了
发货地	主要是从哪里发出来
赠品	送小礼物吗
红包无法用	为什么5元红包用不了
规格尺寸区别	26片和28片有什么么区别
返现咨询	 返现金额多少 
上门取件	在哪个页面联系天猫上门取件
重开发票	 这两张发票都开错了 
补发需求	你那边核实吧，不退补发也可以
维修需求	维修费用和运费怎么算
售后维修网点	不知道在哪里修
重开发票	 我需要重新开具发票 
查询或下载发票	电子发票到哪查看
增值税发票	是增值税发票么
高危风险	在威胁我吗
下单备注	备注打在哪
安装教程	怎样安装
退货条件	订单已经发货了还能退吗
观看直播	几点直播
申请退款后发货	我已退款了，还给我发货
红包使用	红包可以他人代付吗
价格区别	亲，这两款怎么价格差别这么大
优惠券如何用	优惠券可以赠送他人使用吗
重拍商品	拍错了,没拍运费险,需要重新拍
未下单付款	那天给忘了付款了
邮费议价	哪有这么贵的运费
邮寄发票	发票不要忘了寄
无法拒收	可是我不在家怎么拒收啊
何时上货	双十一会补货么
包装区别	就只是包装箱的区别
免定金咨询	请问我刚抽的免定金的怎么用
退换货物流	那我发什么快递公司给你
购物券未使用	忘了使用购物券，能补吗
交易关闭	我付钱了但是交易关闭
发票缺失	发票怎么没收到
无物流记录	两天了还没有物流信息呢
店铺活动	这款现在不打折吗
补发需求	 这个丢失了要补发 
合并付款	我两个东西的尾款能不能合并支付
坏了	 那这坏了怎么解决 
维修需求	售后维修方面呢
运费险理赔	这样运费险会生效吧
价格变动	昨天还是39.9的,今天准备下单就涨价了
发货地	这也是国内发货
红包未用	付款时红包并没有用
否认	不是的
下单减价	不是下单后就减二十吗 
购物券使用	购物券使用有效期到什么时候
重开发票	 东西收到，发票抬头开错了
少件	订单少货
未下单付款	我拍了个订单还没付款
购物券无法用	为什么有购物卷不能用
商品规格	一袋五克
礼品包装	包装有手提袋吗
红包使用	红包怎么用
包装方式	 您好这个是礼盒装的吗 
赠品	满88的赠品怎么领
帮忙	帮帮忙吧
优惠券未使用	优惠券还没用，怎么办
保价咨询	保价期是多久
重拍商品	拍错了想重新拍
赠品	粉色的有赠品吗
合并付款	定金能否合并付款
通常发货时间	最早什么时候发货
活动时间	什么时候有折扣
商品规格	是两瓶吗
取消订单	能取消订单吗
丢件	 包裹是丢了吗 
货源产地	产自哪里
凑单咨询	在哪凑单
优惠叠加	预定的可以使用红包和购物券吗
规格尺寸区别	那l码跟xl相差多少
我要买	想买这双
购物券退款	取消订单，那天猫购物券会不会失效
去拍去付	我马上就买
索要补发信息	亲把补发的快递号告诉我下
售后服务电话	亲你们售后电话是多少
安装服务及费用	负责安装是不
保修卡咨询	保修卡在哪里
重复付款	我付了两次款
货票同行	请问发票是分开邮寄的吗 
高危风险	安乐片吃多少会死
安装费用	远程服务费是师傅远程教自己安装是吗
领取购物券	现在三元的购物券不能领了吗
退货运费	不适合退货免邮吗
加单咨询	能不能现在加单
售后维修网点	还有别的维修点吗
赠品发货咨询	买一送一是直接一起发货还是公布名单后补发赠品
是否备注	这个需要备注薇娅
求等	好的，等下
运费险购买	哪里买运费险
破损	 没几天就裂了 
赠品缺失	送的少了
运费险购买	可以单独买运费险吗
丢件	 我的货被快递公司弄丢了，咋办
物流无更新	为什么没有最新的跟踪记录
抢不到	好难抢
运费险理赔	这运费险怎么查不出来啊
商品价格	这款什么价位
难过	完蛋啦
不要开票	 帮我备注我的不开发票 
适用人群	儿童可以用吗
发错商品	这个包裹你们发错货了,我把图片拍给你看
上门取件	能否叫快递上门取件
换购	有换购活动
抢不到	这个秒杀的完全抢不到啊
商品单卖	这个可以拆开卖么
如何评价	到了在评价吧
商品清单	这个套装包含哪些产品
加单咨询	我刚刚下了一单，现在要加多一件可以加吗
优惠券如何用	淘宝秒杀的优惠券如何使用
退款关闭	我申请退款了为什么会关闭
如何评价	在哪里评价
商品质量问题	 穿了一个月就出现质量问题 
退款原因	你告诉我怎么写退款原因啊
能否直播价购买	这件衣服我要买直播价
不要开票	不开发票 
预约送货时间	明天下午1点以后送可以不
退货单缺失	 我的货已经退回去了但是单号不见了
去拍去付	我马上下单
物流单号咨询	我是来咨询物流单号的
领取购物券	请问那个购物券发放没
颜色推荐	哪个色卖的好
普通发票	发票如何获取
活动时间	活动时间是
商品清单	亲这个组合装里面有哪些
会员信息查询	请问可以帮我查下我的授信会员级别吗
退款成功	今天怎么显示退款成功了
换货需求	你好，申请换货
交易关闭	我付款了可显示交易被淘宝关闭
运费险购买	怎么直接购买运费险
求回复	等待回复
返红包	现在是不是可以返红包了啊
优惠券如何用	不是说满99减可以使用优惠卷么
商品材质	这个也是塑料的材质吗
联系快递	你们联系一下快递公司吧
优惠影响	我重新拍还是原来的价吗
免定金咨询	问一下免定金的规则是什么
微信支付	你好，请问可以用微信支付吗
付款失败	怎么支付不了
全国联保	全国联保多久呢
抢不到	抢不到购物券
下单减价	 买一送一是直接拍立减 
何时上货	安吉地区没货了吗什么时候补货
如何下单付款	那这两个订单都是分开付的是吗
观看直播	怎么看直播啊
活动奖品	奖品说明
预约安装	什么时候来安装
领取优惠券	不是收藏店铺有10元优惠券吗
索要补发信息	重新补发了吗 
为何召回快递	召回退款有这么回事么
催促换货操作	换货同意一下
退款金额	你最多退多少
何时上货	什么时候会有货
补差价购买	如果双十一后换货的话要补差价没吗
退款关闭	怎么处理退款关闭
下单备注	那你备注一下吧
领取红包	红包怎么给我
安装网点	县城能有安装店吗
索要取件码	亲这个取件码发到哪里了啊
发售咨询	我想知道双十一几点开始卖
商品清单	天猫权益礼包有啥
红包退款	退款成功后红包会退回吗
赠品缺失	我什么礼物都没收到
赠品属性咨询	问下送的那个垃圾桶多大尺寸
为何还有运费	 这个短裤写的是包邮，为啥还是有邮费 
花呗期付	分期付款每月多少
开票内容	发票内容不能选办公用品吗
赠品属性咨询	这个送的相册可以装多少张相片
影响退换因素	牌子让我弄丢了还能退不
放弃	放弃了
商品分类	这是龙利鱼还是巴沙鱼
活动奖品	能帮我看下我抽中什么奖品了
领取优惠券	关注店铺怎么领10元优惠券
赠送运费险	非质量退货不是有运费险吗
小票	包裹里面有花费的小票
商品单卖	这款有单卖的吗
退款金额	退款为什么不是原价
查询或下载发票	你好这个电子发票怎么下载
赠品缺失	赠品少了两小瓶霜
退货注意事项	亲，最外面那个包装箱不需要寄回吧
保价咨询	产品有保价服务
修改邮费	已提交可以帮我改一下运费
催促发货	已付款请尽快发货
预售退款	这件定金付了，但是我现在不想要了
退货运费	请问退货运费谁出
普通发票	能补开发票吗
无法下单	咋不能下单了
预约安装	预约安装怎么预约
退货时效	我周六发快递可以么
直播购买指南	直播间怎么买呀
补偿赔偿	退补偿
默认快递	你们用什么快递
观看直播	直播间没开播
修改价格	麻烦改下订单价格
版本款型区别	这几种版本有啥区别
失望情绪	衣服太差了
安装异常	无法安装哦
交易关闭	银行卡被扣款交易被取消
重复付款	一个订单扣了两次款
修改价格	能帮我改下价格吗
赠品缺失	你们赠送的货里少了东西
坏了	 收到后这个盒子坏了 
支持花呗	这个支付宝可以分期吗
退货运费	运费怎么退
补邮费咨询	发顺丰加多少钱
优惠影响	重拍没有折扣了
换货维修运费	我换货的运费退不退啊
赠品挑选更换	赠品不可以选么
漏了	 瓶子里的水都流出来了 
补发需求	 我不要退款，麻烦给我补寄 
不喜欢不合适	 瞬间不喜欢了 
保价咨询	返券买的东西也支持15天保价吗
会员申请	怎么当会员
索要取件码	我这边收不到取件码
破损	 冬天一冻就裂了 
用法用量	可以告诉我怎么调吗
小票	我想问，你们发货有清单吗
优惠叠加	优惠券和购物券可以一起用吗
信用卡支付	如何办理信用卡分期付款
积分兑换	积分兑换的一起发货吗
不要开票	 我不要发票
修改收货信息	预售那个鞋可以改收货地址吗
售后服务咨询	售后服务怎么弄
预售尾款	这个预售，我付了定金，尾款要付多少啊
商品材质	是瓷的么
货源产地	你好这个是日本产的吗
准备或者已经申请退款	我申请售后退款了
要求延迟发货	先不要发货哦
活动奖品	奖品发出来了吗
搭配推荐	有配套的商品吗
购买限制	 总共可以拍几份 
我要买	我想买这个
全国联保	联保时间多久
信用卡支付	怎么使用信用卡分期付款
无法申请退款	申请不了退款
返现咨询	 返现什么时候返给我 
门店信息	当地实体店在哪里
能否降低活动门槛	亲买两件还差1元到299可不可以减4O
凑单咨询	凑单多少有优惠
索要补发信息	 之前就要给我补发现在还没有发
支持花呗	分期付款的条件
未收到但显示已签收	怎么回事,我没收就说签收了
微信支付	这个能微信支付滴不
安装费用	安装结束我要给工人费用吗
直播间福利	直播间怎么抽奖
订单状态未同步	已付款，但是交易仍旧显示等待付款
搭配推荐	你好，给我看看什么商品和这条搭
能否活动价格购买	能先按活动价卖我吗
包装方式	 这种是小包装吗 
催促退款	收到了赶紧帮我退款
退差价咨询	现在拍下双十一返差价么
合并付款	怎么才能多笔尾款合并付款啊
预约送货时间	送货可以周六送吗
重复付款	银行卡被扣了两次钱
未收到但显示已签收	怎么显示签收，我没有签收啊
微信支付	你们家可以微信支付吗
换购	找不到换购活动
指定快递	可以指定发某个快递吗
试用装咨询	这个配试用装么
赠品挑选更换	礼物可以选择吗
商品说明	nb是什么意思
货已拒收	已经联系快递拒收
秒杀	今年没有购物券秒杀吗
发票缺失	为什么没有发票
请求活动链接	福利抽奖链接没有了
包装方式	 这是用瓶装的吗 
优惠券未收到	我拍的优惠券还没到
商品单卖	可以单卖一瓶吗
退件查询	货已经退回并签收了45天了
申请退款后发货	这个订单我申请退款了为什么发货了
何时上货	你好请问黑色大概什么时候能有货啊
物流无更新	怎么都没有流转信息了
退货单缺失	你好退货那个单子我丢了
少件	漏发了**（商品）
商品单卖	我要单瓶的
使用花呗	咱们店铺支持花呗支付吗
定金支付问题	定金怎么支付
增值税发票	能开17%增值税专用发票吗
优惠券退款	退款优惠券退么
订单信息查询	已付款查询不到订单
退换货物流	退货给你们发什么快递
免定金咨询	不是前[n4]名免定金么
漏了	是不是漏了 
安装异常	安装出了问题
颜色区别	颜色的区别
货到付款	 货到付款有其他费用吗 
能否多送	[n3]多送个
直播优惠	直播三件七折
重拍商品	有购物券没用，想重新拍
请求活动链接	活动链接能发我吗
修改订单信息	拍错商品，更换尺码、颜色
售后服务电话	上门维修电话多少
优惠券无法用	优惠券怎么用不了
修改邮费	又拍了一件,改一下运费吧
货已拒收	你们发货我拒收的
指定快递	最好给我顺风，我们这没有ems
不发要退货	你好，怎么还不发货，等不了了，处理下退款
观看直播	还有直播吗
换货条件	这个万一坏了可以换吗
到手价咨询	这双预售到手价是多少
商品尺寸	尺寸包含花边
好评返利	好评有优惠券吗
去拍去付	我去拍了
退款成功	已经显示退款成功了
新旧款区别	升级版什么差别
直播价格	直播秒杀价是多少
希望	希望如此吧
保密发货	我这个睡衣发货时不要写明细哦
商品价格	价格多少
未收到货	我的东西未收到
求加微信	你微信有吗
安装教程	不知道怎么安装
重复付款	网络问题，我付了两次款怎么办
确认收货时间	问下这个什么时间自动确认收货
好评返利	晒图30红包啥意思
订单信息查询	亲我有预付款的单哪里去了
购物券未使用	付款后才发现跨店可以用购物券怎么办
包装方式	 独立小包装吗 
优惠券未收到	新人优惠券在哪里找
领取购物券	天猫购物券怎么领
未收到但显示已签收	为什么我没签收，快递显示已收货
货票同行	 我的发票麻烦帮我一起寄出 
店铺活动	没其他活动了吗
索要重发信息	 你登记丢失重发吧 
试用装咨询	试用装呢
开票类型	电子发票我报不了，请帮我开纸质发票
换购	店里可以换购吗
购买限制	这款是否限购 
货已拒收	我已经向快递员拒收了
保密发货	能不能保密发货
为何还有运费	 超159包邮为什么有运费
领取优惠券	已经关注了，优惠券怎么领取
价格区别	价格差别在哪里呀
优惠券退款	退款重拍的话优惠券会退回来吗
索要图片信息	有没有升级版的图片
运费险理赔	这个理由运费险用不了吗
直播奖品	直播间抽奖中奖了怎么操作呀
开票时间	 要那么久才有发票的 
到手价咨询	这个付定金到手价是多少
活动奖品	有什么奖品
配件套件单买	这个面板破了有配件不
加单咨询	刚刚拍的想加单可以吗
发售咨询	何时开售
商品分类	你这款是胶吗
退货条件	如果有问题可以退吗
高危风险	我反正是活够了
商品说明	隔离霜是什么
优惠影响	我信息填错了，为什么重拍没有优惠了
下单减价	 零点半价是直接拍了就减吗 
普通发票	我们是公司团购，是否提供发票 
免定金咨询	免定金要什么时候返回来呢
功效功能	是不是防水
放弃	你不知道就算了吧
修改价格	把价钱修改下吧
无法申请退款	申请退款申请不了
补偿赔偿	现在又被召回，是否应该有点补偿呢
帮忙	求求你了
开票类型	开的是电子发票还是纸质发票拿
直播奖品	昨天直播间中奖任务提交过了
补差价购买	如果到时候换货的话需要补差价吗
预约送货时间	可以指定日期送货吗
愤怒情绪	能不能不让我和机器说话
定金无法支付	怎么预售定金提交不了
颜色区别	亲标准白和白色有什么区别
发货形式	你们给我发了几个快递
信用卡支付	信用卡支付要手续费吗
合作推广	您需要推广产品吗
难过	太不爽了
能否直播价购买	现在拍还是直播价吗
开票时间	 确认收货了再索要发票吗 
未收到货	花了钱没收到东西
维修需求	可不可以维修
求加微信	咱还是微信聊吧
索要换货信息	我换货的重新发货了吗 
下单备注	我备注错了，怎么修改
请求活动链接	把付定金的活动链接给我下
无法拒收	快递直接放快递箱了，完全没给我拒签的机会额
发错商品	最不喜欢发错东西了
未收到但显示已签收	我拒签了为什么还显示签收
商品分类	赤小豆是红豆吗
物流单号咨询	物流单号是什么
投诉需求	我已经打12315投诉
退换货地址	退货邮寄地址
优惠影响	取消后我就不是这个价格买这些东西了啊
投诉需求	我只能投诉了
不喜欢不合适	 别家比你们便宜10块钱，不想要了
售后维修网点	在济南有地点维修吗
提醒发货检查	发货希望看好再发
优惠叠加	这个尾款可以使用红包或者购物券吗
商品日期	日期新鲜吗
发货形式	我的东西分了两件发的
配件套件单买	这个有没有里边的配件卖
送货形式	 不送货到家吗 
补偿赔偿	补偿多少呢
保密发货	老板,快递单上不要乱写阿
购物券无法用	下单没有购物券选项
优惠券退款	优惠券退了会过期吗
活动奖品	怎样才知道送的奖品
延长收货时间	 怎么延长收货呢 
取消订单	你帮我把我的订单取消吧
安装费用	安装材料费要多少
修改邮费	有包邮的,可以去运费吧
未下单付款	昨天订单没付款
商品材质	材质都是铝的不是塑料的是吧
物流揽件中	怎么一直不揽收
购物券使用	购物券（购物津贴）怎么用
补差价购买	那可以加钱买个么
赠品属性咨询	这个送的是什么，多少毫升
空包	是不是包裹是空的
赠品质量问题	送的故事机开关不能用
去拍去付	我已经加入购物车准备买了
拍错商品	我东西买多了怎么办
无理由退换	这个官网说支持14天无理由退换
邮费差价	超出运费险的退货费用
未收到货	牙刷盒没收到
安装网点	请问全国安装点在哪
退货条件	买贵了能退吗
换货维修运费	维修完寄回来的快递费咋弄
退换货物流	我用顺丰能收到吗
积分兑换	怎么积分兑换
商品挑选更换	能选几种颜色
为何下架	已经下架了
取消退款	亲，我申请了退款又不想退了怎么办呀
显示确认收货	你好，我不小心点错了，给确认收货了
加不了购物车	为什么有的宝贝不能加购物车
信用卡支付	能不能用信用卡分期付款
包装要求	包装希望能高档一些
适用人群	中学生能用吗
新旧款区别	新版有什么区别
预约送货时间	麻烦上午送一下
请求活动通知	有活动能提前通知我吗
退货单缺失	我快递底单弄丢了
付款失败	但淘宝没显示付款成功
预约安装	安装打什么电话
版本款型区别	版型有什么不同啊
付款失败	为什么不能合并付款
投诉需求	直接投诉去
何时上货	多久会有货
加卡片	要代写贺卡
优惠叠加	优惠券和活动可以叠加使用吗
填改退货单号	退货底单怎么上传
分地址发货	昨天我拍那个能分两个地址发吗
领取优惠券	这个有优惠券么
修改退款信息	可以帮我改成退货
索要补发信息	 亲补发货的运单号麻烦发我一下
发错地址	地址发错了,能不能帮我发到正确的地方
定金无法支付	这个样子是不能付定金麻
上门取件	如何办理上门取件服务
换货条件	这个可以调换吗
联系快递	看不到派送员的号码
试用装咨询	没有试用装了么
优惠券无法领	怎么没有券了
高危风险	我找派件员派件员说报警威胁我
下单备注	刚开始忘记备注了
邮寄发票	打扰了，我的发票寄过来了吗
到手价咨询	最终到手价多少钱
补邮费咨询	买两件还要补运费吗
主播推荐	李佳琦今晚直播买的是哪款
取消订单	我的订单不要了，取消吧
退货运费	退货邮费怎么算
空包	空包,里面只有报纸
价格区别	这两款相差一倍的价格，东西具体差别在哪里呢
没有效果	效果不是很好
微信支付	支持微信支付吗
漏了	 倒了大半瓶 
红包无法用	为什么红包用不了
催促换货操作	我点了换货，请同意一下昨天说好了的
预约安装	如何预约安装
邮费议价	邮费有点贵
预售尾款	预售尾款什么时候付
无物流记录	我的包裹的快递信息怎么没有了
定金无法支付	这个不能付定金吗
合并付款	预售和非预售可以合并付款吗
商品尺寸	口径多大
修改发票	 想把发票抬头改成名字 
发货形式	我的货分开邮寄的吗
退款成功	都退款成功了
物流单号咨询	你把昨天物流单号发来
红包退款	未付款取消订单红包会退回吗
能否降低活动门槛	亲有没一元链接可拍啊，398，差一元钱
退换货物流	请问退货支持什么物流
花呗额度	分期额度不够怎么办
退件查询	你们今天收到货没
拍错商品	我有个订单买错了
货已拒收	快递我已经拒收了
索要重发信息	 亲，大衣大概什么时候能发回来
退货时效	请问一定要24小时之内寄回吗
加卡片	hi店主这个可以写贺卡吗
花呗额度	花呗额度怎么查
发送截图	麻烦你看一下我发的图片好嘛
优惠叠加	满88，付款用了红包还能用优惠券吗
颜色推荐	哪一款颜色好看啊
发货数量	拍1发几瓶
合作推广	你这边需要网店运营推广吗
指定快递	指定快递可以吗
店铺活动	这个没有优惠吗
优惠券无法领	你们那个优惠券领不了
少件	还缺一只
交易关闭	付款成功订单关闭了
发错地址	快递发错地方了怎么办
优惠券无法用	重拍用不了优惠券
价格区别	价格不同有什么区别
投诉需求	我要不说你们会被投诉的
催促发货	能不能先安排帮我发货
预约安装	怎么预约安装
购物券未使用	有五块购物券忘记用了
订单状态未同步	我银行卡扣钱了，但是还是待付款
售后服务电话	有售后维修电话么
免定金咨询	这个免定金是收货返吗
直播领券	直播优惠券领不了了吗
发错商品	这个发的不是我买的颜色么
通常到货时间	这些东西大概什么时候能到啊
准备或者已经申请退款	我巳经申请退款退货了
修改价格	亲，改价了我好付款
购物券无法用	为什么天猫购物券不能用
为何还有运费	 怎么还有邮费 
订单状态未同步	我淘宝显示我付款了，但我支付宝没扣钱
包装区别	金装和白金装的区别
要求召回快递	亲，拍错。请召回快递
商品尺寸	有多深
愤怒情绪	太坑了吧
失望情绪	刚安装不上，质量特别差
分地址发货	我买两单可以发两个地址吗
信用卡支付	支持信用卡付款么
为何拒绝退款	我有个订单申请退款了，为什么给我拒绝了呢
付款失败	提示付款的钱不一致，无法付款
破损	 都有划痕什么的啊 
投诉需求	不给我退,我要去投诉你家
购物券退款	未付款购物券退吗
好评返利	已晒单，何时返红包
退货单缺失	快递单子丢了，请问收到了吗
赠品挑选更换	赠品是指定自选的还是随机的
维修需求	如果有问题能来维修吗
购物券未收到	重拍没有退回购物券
赠品缺失	送的没收到
通常到货时间	昨天买的东西今天还能到吗
未支付尾款	尾款昨天忘付了现在再买还行吗
活动时间	活动结束了
请求活动通知	有活动发个通知噢
定金支付问题	这个要付多少定金
加单咨询	请问我可以加单嘛
邮费差价	不是说保险不够你们商家会补
查询或下载发票	我下载发票打不开
宝贝为何原价	怎么不是活动价
无物流记录	为什么查不到快递单号
花呗还款	我直接在花呗上分期还款就行是吗
要求延迟发货	预售款还未发货请帮我延期一下谢谢
直播领券	直播优惠券怎么领不了
直播渠道	亲直播间过来的
催促换货操作	你好，我已经申请换货了，同意一下吧
开票时间	 什么时候有发票 
漏了	 泼了小半瓶 
为何拒收	包裹为何被拒收了
到手价咨询	这些双十一到手价是多少啊
适用人群	18岁可以用吗
修改价格	你改价我拍了哈
免息活动时间	这个双11是免息吗
显示确认收货	你好我不小心点了确认收货怎么办
补邮费咨询	补运费的链接给我一下
是否有货	有没有货
退货时效	可以年后寄回吗
商品挑选更换	那可以选不同味道的吗
秒杀	那个秒杀优惠券在哪秒的
售后服务电话	我想要维修电话
价格区别	怎么颜色不一样价格还不一样
退货注意事项	包装袋要一起退回吗
商品规格	一瓶多少ml
补发需求	 我申请补发 
清洁保养	第一次使用要怎么清洁
适用人群	孕妇可以吃吧
要求拒绝退款	去拒绝下我的退款
退款金额	你看看一共退多少
红包无法用	收货在广东的不能用红包吗
如何下单选购	两个套餐怎么拍 
取消订单	可以取消订单吗
谅解	我理解
购买渠道区别	我一直用的这个，和我商场买的味道完全不一样啊
安装教程	可以自己安装吗
上门取件	为什么退款不支持上门取件
通常到货时间	拍下后一般多久能寄到
定金无法支付	现在不能付定金吗
秒杀	有秒杀活动
开票内容	帮我发票抬头开**内容开**可以吗
描述不符	货收到怎么和图片不一样 
物流揽件中	可是还是显示等待揽收啊
失望情绪	这个总是断网
加卡片	这个可以写贺卡吗
补差价购买	你好，换货补差价
版本款型区别	dl[n3]和这个有啥区别
退款成功	上面写退款成功
退件查询	我退货的那个你们已经签收了
优惠券无法用	预售款的不能用券吗
申请退款后发货	我都申请退款了怎么还发货
颜色区别	粉色和蓝色有什么区别
退货条件	到时候不合适可以退么亲
补邮费咨询	补运费多少钱
坏了	 这个杯子有毛病 
保修咨询	这个保修时间是多长
加不了购物车	加不了购物车咋回事
物流揽件中	物流揽件中
寄件范围	ADDRESS是不是不在配送范围啊
货源产地	你们的产品是国产的吗
无物流记录	怎么没有快递记录
换货维修运费	换货运费怎么收
商品清单	[n3]元大礼包包括什么
包装方式	盒装还是袋装 
物流无更新	物流跟踪记录没更新
分地址发货	这三个可以发不同的地址嘛
联系快递	你们帮我联系物流啊
求加微信	扫完了加一微信
是否有货	有黑色的嘛
无法拒收	我拒收不了
邮寄发票	货收到什么时候给寄发票
购物券使用	可以用购物券付尾款吗
礼品包装	有没有包装袋
尾款支付问题	尾款要怎么付
购买渠道区别	你这和专柜不一样
请求活动通知	亲!有活动别忘告诉我
换货需求	这双买小了想换一双
普通发票	我有标明开发票
商品质量问题	 明明是质量问题 
未收到但显示已签收	你好货物未收到物流就说签收
使用周期	那多久能看到效果
用法用量	什么时间点服用比较好
宝贝为何原价	满减并没有减掉
退款原因	那个退款要写什么说明麽
催促换货操作	我申请自助换货了，麻烦同意一下
未支付尾款	这个尾款没有付
邮费咨询	多少包邮 
购物券使用	能用购物券吗
退货时效	退货有规定时间吗
到付运费	发顺丰是到付吗
请求活动链接	双十一预售专区链接
下单减价	 这直接拍就减70了是吗 
售后服务咨询	质量问题怎么售后
优惠券无法领	为什么领不到优惠券
货源产地	厂家是哪里
赠品属性咨询	买一送一送的是同款吗
发货形式	为什么要分开发货啊
商品质量问题	 怎么质量这么差 
通常到货时间	最晚几号送达呢
赠品发货咨询	这个赠品和天猫超市卡是一起发货还是收货后再发
门店信息	你们有实体店吗
为何下架	为什么我购买的下架了
不要开票	 我这次给自己买的不要发票 
优惠券无法用	这个券怎么用不了
发错商品	这里有10米吗,你不是发错货了吧
少件	少发了一瓶
发售咨询	想问问今晚发售多少台
售后服务电话	维修电话发我下
红包未收到	咋我没有那个18的红包
求回复	给我个解释
订单状态未同步	我付了款为啥还说没付款
能否降低活动门槛	满299减40。就差一块钱能减40吗
影响退换因素	开拆之后还能退货吗
退货单缺失	我不小心把快递单弄丢了
花呗额度	什么叫额度不足
购买限制	 可以拍两双吧 
修改订单信息	现在还没发货能不能换大一码
联系快递	快递员联系不上
包装方式	 是密封的吗 
搭配推荐	搭配的商品有么
红包未用	红包没有用，怎么办
确认收货时间	系统确认收货时间
赠品属性咨询	我是想问你们送的喷瓶多大容量的
要求召回快递	这个快递能不能召回呀
催促退款	什么时候可以退款
重复付款	我下了一个订单扣了三次款
商品挑选更换	颜色是随机的吗
包装区别	套餐一和官方标配的外包装有区别吗
合并付款	已分开拍，到时怎么合并付款呢
如何评价	那我怎么给评价
售后维修网点	能到店里去修吗
优惠叠加	这叫商品能使用积分购物券和红包吗
保修咨询	保修多久
赠品	送什么礼品啊
购物券使用	这个能用购物券吗
返现咨询	 有返现吗 
商品分类	是bb霜还是cc
发错地址	我有个快递发错地方了
用法用量	这个怎么玩的啊
发货地	这上面为什么不显示从哪里发货啊
是否正品	是真品还是高仿的
默认快递	你们托运什么快递公司
红包未收到	送我的红包在哪里
索要图片信息	这个颜色有实拍图么
申请退款后发货	怎么发货了，我申请退款了
优惠券无法领	赠品券领不到
优惠影响	可是价格已经没有优惠了，重新拍单
货已收到	东西收到了
已拍已付	已经付款了
支持花呗	支持分期付款吗
为何还有运费	 包邮的，结算时有快递费 
优惠券无法领	那个优惠券不能领了
填改退货单号	我的退货单号录入错了，怎么办啊
尾款无法支付	一直点支付尾款没反应
会员信息查询	我会员等级是多少
如何下单选购	 可以拍两个码吗 
积分兑换	现在积分兑换在哪里点
优惠券未收到	一元秒的优惠卷在哪里看
物流异常	 是快递异常吗 
求加微信	要怎样加微信
无法申请退款	已经没办法申请退款了
为何还有运费	 怎么有运费了 
直播间福利	直播什么时候抽奖啊
开票内容	可以开公司名称发票吗
优惠券未收到	收藏之后有没有优惠券在哪里看呀
赠品缺失	是不是少了一套赠品啊
邮费咨询	 亲，活动的时候还有运费吗 
请求活动通知	有活动能短信告诉我吗
凑单咨询	请问凑单怎么凑呢
支持花呗	是否支持分期
索要补发信息	 我的遗失件什么时候补发
发货地	从香港直接发货吗
商品日期	保鲜期几天
直播渠道	我在李嘉琪直播间看的
预约送货时间	亲，能下午1点以后送不
售后服务咨询	请问是换货还是维修
商品说明	opo是什么
花呗还款	花呗怎么分期还款
商品尺寸	长宽大概多少
请求活动通知	早有活动为什么不通知呢
少件	这2件少发
是否有货	没有17cm的嘛
返红包	限时返红包怎么弄
搭配推荐	蓝色怎么搭配
放弃	无奈
预售尾款	现在付定金到时候还需交多少钱
领取红包	有红包吗
是否正品	是精仿还是正品
花呗期付	12期免息怎么付
是否免息	请问几期免息
填改退货单号	退货单号填哪里
下单减价	 这个订单是不是直接拍下就减钱了，还是收到货才减 
尾款支付问题	明天尾款从哪里支付
功效功能	可以去痘印吗
发票缺失	昨天买的东西没有发票呢
会员信息查询	我会员等级降了
商品尺寸	这是几寸的
催促发货	已经付款，请尽快发货哦
尾款无法支付	怎么还是支付不了尾款
指定快递	直接发EMS行不行
商品单卖	可以单只卖
退货单缺失	我妈去寄的单号给弄丢了
换购	换购条件
活动时间	具体活动结束时间不知道吗
凑单咨询	凑单是啥意思
领取购物券	购物券领取规则
货已拒收	你们让拒收，我拒收了
发票缺失	怎么没有收到发票
货已收到	你好，我昨天下了个订单，货收到了
分地址发货	这款帮我发两个地址
商品议价	优惠点我就拍了，小孩要参加演出
直播领券	直播优惠券发放吗
价格区别	这款价格有好几个,有什么区别
退货形式	分两个包裹寄回来
延迟下单	已经收藏了，双十二下单
订单状态未同步	我已支付尾款了，为什么还提示我要支付尾款
空包	我刚收到是个空包裹
维修需求	怎么维修
货已拒收	今天送货我已经拒收了
催促换货操作	申请过换货了麻烦同意一下
红包使用	获得双11红包使用有效期多久
请求活动链接	给个满减活动的链接
确认收货时间	你好我的订单还有几天自动确认收货啊我这看不到
支持花呗	花呗多少可以分期
货到付款	 我这货到付款是付给快递员吗 
售后服务电话	全国服务热线是多少
付款失败	一直到现在都没付款成功
预约安装	需要预约安装怎么办
合作推广	我这边是淘客推广的，您这款产品需要推广吗
购物券退款	我买的购物券怎么退
清洁保养	能水煮消毒
免定金咨询	请问我刚抽的免定金的怎么用
增值税发票	要开增值税专用发票怎么申请
返现咨询	 怎么返现啊 
商品尺寸	体积多大的
赠品	什么样的赠品
高危风险	天天打电话骚扰
售后维修网点	我们有问题在当地有地方修吗
请求活动通知	有优惠通知我呀
保修咨询	保修是怎么保修的是几年
红包未收到	20元红包在哪里呢
好评返利	晒图（晒单）有红包吗
定金无法支付	这个为啥不能付定金
延迟下单	我要等19号在拍，我放购物车了
信用卡支付	支持信用卡支付吗
是否预售	这个不是预售吧
退件查询	货物退到哪里去啊
为何拒收	退货的商品你们拒收
优惠券如何用	不知道怎么样用优惠券
显示签收	是代理点签收的
商品质量问题	 质量有问题，怎么处理？
支持花呗	可以从银行卡里面分期吗
辱骂语言	你眼瞎
默认快递	是哪家快递公司送货的
包装方式	 这个是条装的还是散装的 
发错地址	你家给我发错地方了是吧
是否免息	不是六期免息吗
通常到货时间	周五能送到吗
邮费咨询	 新疆有运费吗 
是否免息	是免息分期付款嘛
加不了购物车	没法加入购物车啊
下单减价	 直接拍两件自动减价吗 
安装费用	包安装不收费吧
发错地址	发错地方根本联系不到
指定快递	这个可以改发顺丰吗
辱骂语言	这么垃圾
没有效果	没有效果怎么办
补发需求	 有货了给我补发 
免息活动时间	只有今天免息吗
商品材质	不锈钢材质的吗
货票同行	发货的时候有发票吗 
辱骂语言	你妈的什么东西
预约送货时间	我想需要下午1点后送可以不
换货条件	这款可以换颜色吗
发货形式	请问是一起发货吗
能否活动价格购买	亲我现在买能按双十一的价格吗
取消退款	我申请退款了，但我朋友又说不退了
安装异常	为啥安装不了
为何拒收	为什么快递是拒收退回
赠品挑选更换	赠品可否调换
礼品包装	专版包装吗
能否直播价购买	这个可以给我按直播价拿吗
微信支付	能微信支付吗
信用卡支付	如何信用卡支付
描述不符	 这产品跟描述不符
如何下单选购	 拍三减一是直接拍么
退款成功	第一次购货的退款成功了
货到付款	可以货到付款吗 
否认	还不行
不喜欢不合适	 有点短了 
定金支付问题	这是什么时候开始付定金
退款去向	退款后的钱是在支付宝里面吗
补差价购买	麻烦处理下换货商品补差价
售后维修网点	专卖店可以修吗
送货形式	 不送货到家吗 
安装网点	到哪里去安装呀
价格变动	价格上会有变动吗
我要买	我想买厚点的
赠送运费险	朋友代付有送运费险吗
赠品缺失	赠品怎么还没收到
配件套件单买	要是配件没了，外面有买的吗
坏了	 发一个坏的 
花呗还款	分期以后可以提前还款吗
直播价格	这个价钱是直播价吗
能否活动价格购买	能提前参加活动吗
求等	等我啊
否认	没啊
已拍已付	提交订单了
退换货地址	换货地址哪里呀
小票	有购物小票吗
门店信息	附近有实体店
索要补发信息	 这个补发快递没收到 
下单备注	备注是在这留么
凑单咨询	是怎么凑单
查询或下载发票	查询在哪里看发票
能否下单付款	  要等到开团才可以下单吗
用法用量	请问下怎么使用的
下单备注	备注了就可以了吗
直播领券	发张直播优惠券
预售退款	自动关闭交易，那定金能退吗
发错商品	我买的纸货给我发错了
试用装咨询	试用装免费么
赠品	这个有东西送吗
高危风险	请不要骚扰别人
换货维修运费	我想问一下想换货邮费自己出吗
货源产地	哪里进口
直播领券	现在直播优惠券还有吗
无理由退换	是否支持7天内无条件退换货
为何拒绝退款	不是同意退货了咋又拒绝了
丢件	 一星期都没更新了，是不是丢了 
货到付款	 顺丰，货到付款 
功效功能	起什么作用
搭配推荐	有里面配的衣服吗
开票内容	在哪填发票信息
发送截图	一会我把截图发给你
否认	没有诶
价格区别	这个颜色不同怎么价格不同
要求召回快递	您好，我不想买了，您能召回快递吗
直播奖品	宝宝来兑直播奖品呢
能否活动价格购买	按优惠价格卖可以吗
否认	怎么不对
描述不符	描述的跟实际不一样 
到付运费	可以申请顺丰到付吗
赠品挑选更换	赠品能否自选
使用及教学视频	使用视频发一个
补邮费咨询	选一个能航运的吧,我自己补运费可以吗
重复付款	你好，我重复付款了怎么办
分地址发货	这个一起付款可以发两个地方吗
物流揽件中	一直到现在都是显示等到揽收中
难过	太伤我心
查询或下载发票	发票在哪里下载
花呗额度	额度不足怎么办
发错商品	这单发错货了
开票内容	发票可以开成其他东西吗
开票类型	发票是机打发票么
是否有货	现在拍有货吗
礼品包装	给我看看包装盒子
商品规格	这个有多少片
如何下单选购	 直接拍4个 
发货地	这个为什么从ADDRESS发货
索要取件码	取件码没有收到
花呗额度	为什么显示分期额度不够
取消退款	我想取消退款怎么操作
是否预售	双十一有现货吗
未下单付款	刚好付款的时候超时了，忙了一天忘记付款了
合作推广	我看咱家宝贝挺好的，我们可以合作一下下吗
购买限制	 可以拍几件 
主播推荐	刚刚你们直播间里介绍的是哪款
店铺活动	这个有什么优惠
影响退换因素	没有包装盒了能退吗
无法分期付款	未成年不能分期吗
修改发票	 想改发票信息 
商品分类	你好请问是麻椒还是花椒
少件	为什么没有商品
定金无法支付	付不了定金
增值税发票	记得开增值税发票
领取优惠券	优惠券怎么领不了
新旧款区别	普通版，标准版，升级版差别在哪里
邮费咨询	 还有运费怎么免 
免定金咨询	免定金什么时候返
交易关闭	付款了但是有延迟自己不小心取消了订单然后显示交易关闭了
物流揽件中	怎么还没有揽件
发售咨询	什么时候开售
提醒发货检查	老板挑好点的
补发需求	 要求补发 
发货数量	拍[n3]能发[n3]吗
红包使用	我之前抽到一个五元红包怎么使用
直播优惠	直播是第二件免费是今天吗
退货条件	今天可以申请退款了吗
商品分类	这个是黑豆吗
退换货地址	给个换货地址
无法申请退款	没有申请退款按键
红包使用	红包可以赠送他人使用吗
商品价格	商品当前什么价格
购物券未收到	退回的购物券在哪里
优惠影响	我2件都分开付了没有优惠
未下单付款	忘记付款了，当时支付宝没余额
退款原因	退款说明要不要
合作推广	全渠道专业推广
下单减价	 亲，这个满减活动直接拍下减价还是领卷啊 
宝贝为何原价	为什么2件还是原价
期待	期待中
重拍商品	重拍怎么操作
破损	 后边指环断了 
版本款型区别	这两款有什么区别呀
用法用量	每[n3]克需要多少水来泡
商品挑选更换	那怎么选不同款式呢
修改收货信息	我怎么改地址
红包退款	红包不给退吗
准备或者已经申请退款	我刚才申请退货了
补发需求	 售后过啦，说给我补发 
高危风险	不想活了
延迟下单	我双十二活动买因为要买不少你们家的东西哦
适用人群	中年人可以用吗
发送截图	马上我截图给你
加单咨询	你好，我的订单还能加吗
索要说明书	给个说明书啊
颜色区别	颜色之间有性能差别吗
返现咨询	 如何返现
返现咨询	 不是说可以返现3元吗 
取消订单	子订单怎么取消
商品单卖	不单卖
通常发货时间	是否会根据支付时间先后发货
索要补发信息	 我少发货什么时候补发 
未支付尾款	抱歉忘了支付尾款，还来得及吗
换货需求	明天帮我换成大的
退货注意事项	那个画册也要一起退回去吗
增值税发票	可以开专票吗
退换货地址	退货地址是什么
直播渠道	是薇娅直播间过来的
加不了购物车	购物车都不能放
开票时间	 那个订单确认几天内可以开发票 
修改发票	 怎么修改发票信息 
重复付款	我刚刚不小心支付2次都成功了
观看直播	这款明天会有直播吗
退款金额	你们准备退多少
免息活动时间	亲过完双11还免息吗
优惠券退款	付款时返回，为什么优惠券没有了
显示签收	这都自动签收了
要求拒绝退款	可以帮我拒绝退款么
退货注意事项	售后服务卡怎么填
小票	能提供小票不
会员信息查询	那个会员等级，是不是在确认收货后才有更新
退货形式	这件跟白色一起邮寄的
丢件	 快件丢了 
申请退款后发货	早已申请退款为什么还要发货
能否下单付款	 亲，现在不可以下单 
显示确认收货	还没收到货已经确认收货了点错了
运费险理赔	在哪填写运费险
用法用量	这个是一天一片
红包未用	怎么我的满88减20的红包没用
清洁保养	你好这个灰色怎么拆开清洗
使用周期	多久用一次的
中奖名单	这是中奖了吗
保修咨询	我以后怎么保修呢
寄件范围	您好，请问可以发往韩国吗
加卡片	能写卡片吗
安装网点	我这里有安装点吗
花呗还款	用花呗怎么还款呀
退差价咨询	买贵了补差价吗
优惠券如何用	花呗分期的可以使用优惠券么
活动奖品	奖品怎么赢
退货形式	我三件一起寄过来
预售退款	直接退定金还是怎么着
漏了	 包裹收到了但是漏气了 
货到付款	 怎么货到付款啊 
颜色区别	黑色红色什么不同
主播推荐	薇娅推荐链接有吗
发错地址	我的东西发错地方怎么处理
安装服务及费用	包安装吗
领取红包	红包怎么领
何时上货	这款啥时有货
商品材质	那个金属是什么材质
寄件范围	可以寄到学校去吗
是否正品	您这里是正版吗
全国联保	保修是全国联保的吗
小票	收据有没
购物券退款	退款的单子里有购物券什么时候返回给我
修改邮费	怎么回事,怎么不改运费呢
我要买	我买一件
物流揽件中	怎么还在揽件
退款成功	你这都显示退款成功了
到手价咨询	这台全部优惠减完，到手价多少
保修卡咨询	有保修卡吗
修改订单信息	我看没发货呢，直接换小一码的呗
保密发货	亲,发快递的时候会有保密措施吗
发货数量	你好这款点一个是发一双是吗
花呗额度	我花呗额度只有1500
为何拒绝退款	为什么拒绝退款
配件套件单买	你好盖子上面的抓柄掉了有卖吗
修改价格	请改下价格
延迟下单	我明天早上买和今晚买
发货形式	一起包装发货还是分开发
售后服务咨询	申请售后的流程
活动奖品	昨天抽到奖品的怎么没有发呀
订单信息查询	你帮我看看我的订单
退差价咨询	麻烦退下差价吧
查询物流	我的订单到哪儿了
催促快递	包包怎么还不到，帮我催一下
好评返利	好评返现
购物券无法用	购物津贴怎么用不了
补差价购买	这样换的话补多少钱
购物券未使用	我的购物券还没用现在还能用吗
购买渠道区别	价格是否跟线下门店一样
如何下单选购	 直接拍37的就可以 
订单状态未同步	我的订单已合并付款，为什么订单里还有显示未付款的订单
无法分期付款	这个分期为什么不能用
换货需求	帮忙换个颜色行吗
催促换货操作	我的换货申请为什么还没有同意
索要补发信息	补发的货已经发货了吗 
安装费用	安装费单独算吗
好评返利	五星好评有红包么
质量情况	质量能保证吗
修改订单信息	我买的东西怎么换没发货呢
免定金咨询	免定金怎么免啊
为何拒收	东西到了为什么拒收
安装教程	好安装吗
优惠影响	重新下就不是这个价了
请求活动链接	亲，半价的链接发给我
货已收到	货收到了
秒杀	那个秒杀100元的链接还有吗
赠品属性咨询	里面送的那个勺子容量是多少
补差价购买	这我不退款，可以发其他产品，付差价不就行了
下单减价	 前100名半价是直接拍下减了还是确认收货退款
商品尺寸	直径多少
保修咨询	五年质保怎么保
索要说明书	发个电子说明书
为何召回快递	你为啥召回啊
取消退款	怎么取消退货申请
取消退款	我申请了退款，我要取消
求回复	回答呀
填改退货单号	退货快递单号
优惠券无法用	领了券怎么用不了
邮费咨询	 我分着买还有运费吗 
退款原因	退款原因我该怎么写
活动奖品	奖品能补吗
破损	破了个洞 
谅解	表示理解
购物券退款	领的购物券能退掉吗
购物券未使用	我有10块钱购物券忘记使用了
花呗期付	首付多少
为何下架	我看到你们商品下架了
辱骂语言	脑子呢
开票时间	 收到货之后再开发票 
请求活动链接	买三免一专区有没有链接啊
查询或下载发票	发票下载不了
发货地	货从哪里发出
直播奖品	直播间的奖品这里领吗
礼品包装	发过来的包装是怎么样的
求加微信	评价加什么微信
不喜欢不合适	 颜色不喜欢 
赠送运费险	我想问下11.11赠送运费险吗
索要图片信息	这个礼盒图片能让我看下吗
退款关闭	请问我发起的退款怎么关闭了
提醒发货检查	帮忙检查好质量，生产日期，谢谢
保修咨询	保修怎么算呢
商品挑选更换	高度可以选不一样的吗
延长收货时间	 换货的请帮我延长收货时间 
优惠券无法用	下单没有优惠券选项
发货数量	这个是发几支
预售退款	这款预付的定金是不退的吗
直播价格	今天这款直播299
求加微信	加你微信啦同意下
退款关闭	什么是退款关闭
运费险理赔	运费险赔多少
增值税发票	发票是增值税专用发票嘛
货已收到	货已经收到了
不发要退货	不发货我就退了，着急用呢
购买渠道区别	怎么我跟商场看的样式不一样
使用周期	能用三年吗
返红包	我的订单说好的返红包呢
商品规格	一盒有几瓶
辱骂语言	要不要脸呀
货已退回	我已经退了好几天了
指定快递	帮我备注一下发百世快递
领取购物券	购物券怎么领
高危风险	想自杀
退货时效	这个是多少天内可以退货
优惠券如何用	优惠券已领，怎么用
索要换货信息	换货白色的什么时候发货
返红包	前[n3]名返现红包
去拍去付	12点我就准备拍了啊
何时上货	黑色什么时候能有
要求延迟发货	可不可以晚会儿再给我发货啊
尾款支付问题	付定金后如何付尾款
能否降低活动门槛	这个还差一元怎么办
货到付款	 货到付款什么意思 
店铺活动	这款有活动吗
商品分类	你好。是抽纸和卷纸吗
门店信息	在哪里看实体店信息
修改退款信息	怎么改退货信息
退款原因	我不知道退款原因怎么写
破损	 沙发到家底下有刮破了 
感叹	我的天啊
索要取件码	取件码写错了
退货条件	这个可以退货吗
全国联保	可以全国联保吗
物流异常	 我的包裹一直没送来，物流上显示异常
免息活动时间	什么时候12期免息
退款金额	我不退货退款多少
购买渠道区别	你们是不是和实体店的货不一样
描述不符	 买回来的实物和照片不一样 
开票类型	有纸质发票吗
索要重发信息	想问重新发货没有
无法下单	点立即购买没用
修改发票	 这个订单发票抬头能改下吗 
为何下架	怎么下架了
无法分期付款	没有分期按键啊
描述不符	 为什么我收到的货和我拍的不符呢 
索要取件码	我的取件码不小心删掉了
否认	没解决
会员信息查询	我是会员吗
物流无更新	快递没更新状态呢
尾款无法支付	没有找到付尾款的页面
使用周期	这个东西能用几次啊
去拍去付	马上就拍了
为何拒收	为什么我的退货快递被拒收了
难过	呜呜
增值税发票	我需要开增值税发票
退款去向	你们退款是推到卡里还是支付宝
补偿赔偿	发错货也要补偿一下吧,我也有损失的
发票缺失	有个订单没有开发票
保修咨询	保修内容是什么
信用卡支付	你们不支持信用卡支付吗
上门取件	我所在的城市支持上门取件吗
是否备注	直播需要备注什么吗
商品说明	这个感温款是什么意思
通常发货时间	这个月几号发货呢
宝贝为何原价	两件价格未减
商品说明	这个紫草膏是什么呀
质量情况	有质量保障吗
安装异常	都装不上去的
感叹	服了
能否多送	可以多送一条么
使用及教学视频	这个怎么贴,有视频教程
积分兑换	什么时候有积分兑换
未下单付款	我忘记付款了怎么办
退款金额	吃了几颗也能退,那退多少呢
新旧款区别	升级款跟原来的有什么不同
少件	我买了三件，为什么只收到一件
发错地址	查看物流,发错地方了
无法拒收	我不在家拒收不了
通常到货时间	几天能收到货
影响退换因素	包装拆了能退货吗
赠品发货咨询	这个买两件送的东西是直接由仓库一起发货的是吗
包装要求	那麻烦好好包装
合并付款	定金尾款能不能合并付款
未下单付款	我提交了还没付款
售后服务咨询	有什么售后呢
订单信息查询	就是能不能帮我看一下我的收货地址吗
货票同行	 发票是随货品一起的么
安装服务及费用	买了谁来安装呢
为何拒绝退款	我退款的怎么拒绝处理
分地址发货	一个订单可以分两个地址嘛
请求活动链接	配件六折的链接给我下
商品材质	三色也是铝材质的吗
包装区别	豪华装简装什么区别
如何下单付款	是从卡里直接扣是么
分地址发货	这两件我要发两个地址
修改发票	 我有选择发票 但是发票抬头错了
功效功能	主要作用是什么呢
普通发票	货已收到，申请开发票
中奖名单	名单出来了吗
货已收到	我收到货了
加卡片	亲??拍下可以帮忙写贺卡是吗
货票同行	 发票不跟货一起发吗 
中奖名单	具体什么时候公布中奖名单啊
确认收货时间	啥时候会自动确认收货
放弃	算了先这样吧
愤怒情绪	根本不解决问题
换货条件	这两款可以换吗
商品单卖	**（商品）不能单独买吗
预约安装	有安装电话么
索要重发信息	重新发货的订单号是多少
返红包	有没有返红包的
用法用量	那怎么打气呀
填改退货单号	麻烦你发一下退货链接，我想填退货单号
补差价购买	换货还是以前的方式吗先拍下新的在退货老的补差价是吗
预售退款	重新下单退定金吗
直播优惠	直播优惠，赠品也一样吗
未支付尾款	预售忘记付尾款
要求拒绝退款	那你不同意退款好吗
索要换货信息	换货发货时间
活动奖品	送奖品是随意发的嘛
货已退回	这个快递我联系了，已经给我退回去了
邮费咨询	 单拍还有快递费吗 
普通发票	 帮我开一下发票吧 
保修咨询	怎样保修的
领取红包	什么时候还能领红包
开票类型	提供机打发票么
直播领券	那个直播咨询客服怎么抢优惠卷
退款成功	申请退款成功了
坏了	 是坏了个角 
取消退款	我点错，如何取消申请退款
货已退回	我退货了，昨天发的圆通
开票时间	 下单时我勾选了要发票的，请尽快补开
加卡片	里面可以放卡片吗
花呗期付	用花呗分期付款要付利息吗
无物流记录	货到哪里了，没有物流信息吗
为何拒绝退款	退款怎么拒绝了
催促退款	你好，请处理一下退款申请
没有效果	怎么好像没有效果啊
取消订单	商品库存不足那就得取消订单了
定金支付问题	定金支付多少
退货形式	你好，我退货的几件可以放一起发货吗
如何下单付款	请问支付宝可以指纹付款吗
尾款无法支付	怎么没法付尾款，系统关闭了
免息活动时间	那0点之后还有12期免息吗
运费险理赔	怎么运费险还没来呀老板
索要取件码	我的快递取件码是什么
合并付款	请问预售尾款可以合并付款吗
配件套件单买	我买完以后可以配配件吗
购物券未使用	这个购物券刚才忘记用了
优惠叠加	预定了，还能用优惠券和天猫购物券吗
使用周期	一瓶用多少次
开票时间	 什么时候开发票过来 
邮费议价	运费能不能减下
索要说明书	详细说明书有附带么
适用人群	学生适合用吗
为何拒收	为什么要拒收
退货运费	退快递费怎么退
包装区别	电商专供和这个包装有区别吗
保价咨询	保价到双12吗
宝贝为何原价	买二付一价格未减
物流异常	 没派送，就显示异常了 
售后服务咨询	快速售后（换修）
赠品缺失	赠品没收到
退款去向	看见退款成功，但是没看见钱进来
规格尺寸区别	50克的和90克的有区别吗
准备或者已经申请退款	我买的那个退款申请了 
中奖名单	那等你们什么时候公布名单
显示有下单未付款交易	显示还有买家未付款
质量情况	质量如何
清洁保养	宝贝怎么清洗
退换货物流	退货可以发中通快递吗
坏了	 在你家买的胸针才用两天都坏了 
赠品属性咨询	送的杯子是多大的
无法拒收	没办法拒收
我要买	我想买个这个
价格区别	同一种，价格咋这大区别
修改邮费	在吗我拍下订单你改一下运费
会员申请	有会员卡吗
加卡片	想问一下可以代写卡片吗
商品分类	亲,这是水还是乳
秒杀	这个是零点秒杀的
退货时效	你好最近外出了得再过几天退货
购物券使用	可以使用多少钱的购物券
返红包	已经确定收货了，红包什么时候返
保价咨询	这款有没有保价的
微信支付	可以微信支付吗
求加微信	要加这个微信
补偿赔偿	包赔吗
直播奖品	直播中奖来领券
功效功能	可以改善睡眠么
发货地	这是在哪里发货
退款金额	那么具体要退多少呀
加不了购物车	没有加入购物车选项
直播优惠	我在直播间买是不是有赠品
货已收到	宝贝收到了
商品清单	四件套里面是什么
积分兑换	积分兑换要收其他费用吗
催促退款	怎么还没有退款
门店信息	实体店具体店名和联系方式给我一下
为何下架	现在这个不是下架了么
能否直播价购买	帮忙申请直播价
领取购物券	什么时候还能领购物券
店铺活动	明天会有活动吧
使用周期	那1盒能用多久
颜色推荐	一般是买哪些颜色
直播购买指南	直播价8.5折怎么拍
质量情况	有品质保证吗
重开发票	 你的发票开错了，要求重开 
未收到货	之前的4件玩具没到
尾款无法支付	上面没有付尾款的位置啊
为何还有运费	 已提交订单，但是有运费 
交易关闭	买家已付款，但是交易显示关闭
发货形式	又拍了两件可以一起发货吗
中奖名单	中奖名单发一下吧
退款关闭	退货怎么关闭了
高危风险	严重烫伤
物流异常	 为什么两个包裹显示异常准备退回？
安装异常	东西怎么装不上去
红包未收到	红包哪里查
维修需求	如何办理售后维修
求回复	咋说
要求拒绝退款	我弄错了，你拒绝退款吧
退货运费	退货有运费补贴嘛
未下单付款	之前活动价拍了忘记付款了
请求活动通知	双11搞活动也不提醒一下
价格变动	看着便宜,没想涨价了
已拍已付	拍的东西已经付款了
不要开票	 你好我这票货请不要提供发票 
修改退款信息	如何修改退款申请
订单信息查询	帮我看一下[n18]
要求召回快递	你们不可以现在召回快递么
修改收货信息	想改订单收货地址怎么办
修改邮费	重新下了一单,改下运费
花呗还款	请问下我分三期购买到时候怎么还款
失望情绪	你的鞋底我不满意
默认快递	走什么快递呀
默认快递	你们发什么快递
加不了购物车	为啥加不了购物车
优惠影响	我退了再拍就是原价
无理由退换	支持无理由退款吗
补邮费咨询	补运费怎么算
会员申请	怎么成为会员
高危风险	我多次有过自杀的念头
用法用量	哪里有设置啊
索要换货信息	要求换码的内衣为什么还没收到
索要换货信息	换货单号发我一下
尾款无法支付	没有找到付尾款地方
礼品包装	有礼品盒子么
催促快递	能送快点吗
运费险购买	不能自己买运费险吗
宝贝为何原价	怎么订单显示的是原价呢
新旧款区别	升级款有什么不同
退款金额	我买的这款是原价退吗
微信支付	能不能微信支付
商品材质	是全瓷胶吗
无法拒收	我这边的确拒收不了
取消退款	帮我取消退款
高危风险	买个东西都毁容了。又缝针又打针的
补偿赔偿	补偿退支付宝嘛
发错商品	自己发错货的麻烦自己出运费
退款原因	退货原因写无理由可以吗
物流无更新	物流怎一直没变化
售后维修网点	**（地区）有售后点吗
保修卡咨询	咱们没有保修卡的吗
修改订单信息	你们没发货之前我想换一个款式
申请退款后发货	在你们发货之前我就已经退款了
商品清单	这里面有勺子吗
为何拒收	快递现在给电话我你们拒收了
安装网点	货到了我去哪安装啊
重复付款	重复多次付款了
为何下架	产品怎么下架了
无法申请退款	没有退款按钮
直播渠道	从抖音直播间来的
好评返利	五分返利
送货形式	 送货上门 
购物券无法用	付款时候不能用购物券吗
准备或者已经申请退款	我点退货了
使用花呗	不能花呗么
破损	 碎了怎么办 
发货地	不是海外发货吗
何时上货	货什么时候能补到
要求延迟发货	晚点再发货行吗
坏了	 如果坏了怎么办
价格变动	6米3的我看到是98了,现在又涨价了
优惠券未收到	我刚刚有个减30的优惠券，在哪里找啊
失望情绪	但是才用了一次就坏了
增值税发票	没有增值税发票是吗
投诉需求	再不回复我要打投诉电话了
到手价咨询	这套最后到手价多少钱啊
拍错商品	我刚刚拍错了
红包未用	有一张满50减10元快闪红包，忘记用了
优惠券退款	优惠券会退回么
价格区别	三种价格的区别是什么
去拍去付	那我先付款了
试用装咨询	拍下有没有试用装
商品议价	能不能再优惠点
红包未收到	扫红包在哪里呀
未支付尾款	现在还没有付尾款
上门取件	怎么点上门取快递
退款去向	退款能不能退在我的银行卡上
维修需求	是免费维修吗
邮寄发票	发票什么时候寄
上门取件	亲，是上门收货吗
小票	记得帮我们开收据哦
描述不符	 为什么实物颜色与图片不同 
直播奖品	直播中奖，奖品什么时候会联系
定金支付问题	支付定金是什么意思
确认收货时间	我怎么看自动确认收货时间
无法拒收	那边是学校，没办法拒收
安装异常	螺丝装不上去
要求延迟发货	可以拍下先不发货吗
优惠券未收到	重拍没有退回优惠券
好评返利	亲好评有红包奖励呗
催促发货	9号上午下单至今未发货
保修卡咨询	好亲可以寄保卡过来么
使用花呗	尾款能用花呗嘛
准备或者已经申请退款	这个我申请退货了
换购	新會員換購
包装区别	请问这两种包装不同有什么区别
返现咨询	 您好，我的返现还没转哦 
包装方式	 这是小包装还是大包的 
退款去向	退款的钱到哪去了
送货形式	 给送货上门不 
安装教程	这个需要安装吗
高危风险	吃整瓶可以自杀
是否预售	拍下有现货么
补发需求	这个快递说叫你们补发 
保价咨询	我想申请保价
红包使用	我有张满88减20的红包，如何使用呢
下单备注	备注上写要的款了
购物券无法用	重拍用不了购物券
补偿赔偿	申请补偿吧，退货太麻烦
退货时效	年后是不是也可以退货
到手价咨询	到手价是如何算的
请求活动链接	半价抢购链接
索要重发信息	 今天能重发货吗 
退换货地址	我想退货，给个地址吧
要求召回快递	赶紧召回快递吧
红包使用	天猫超市50元红包怎么用
质量情况	质量怎么保证
商品日期	现在买能存放到过年吃吗
使用及教学视频	请问能给我一个教程吗
发送截图	聊天记录我也截图了
寄件范围	这个地址可以送到吗
赠品	买这个有赠品吧
要求召回快递	不能召回快递吗
信用卡支付	信用卡付款可以吗
取消订单	怎么取消订单
返现咨询	 如何领取双十一的返现 
保修卡咨询	有没有全球保修卡
定金无法支付	这款怎么还不能付定金啊
退差价咨询	会返多少钱差价
尾款无法支付	为什么我没办法付尾款
影响退换因素	没发票，有吊牌，可以退吗
商品清单	官方标配包括什么
退款去向	这个钱是退到哪里的
适用人群	这款有年龄限制吗
保修咨询	坏了怎么保修啊
商品议价	能不能便宜点
已拍已付	已付
免定金咨询	不是全天免定金吗
退件查询	退的货应该收到了吧
售后维修网点	当地没有维修点怎么办
观看直播	直播回放在哪看
加不了购物车	我这里加不了购物车
花呗还款	可以提前还清吗
优惠券如何用	能用优惠券
已拍已付	我已经买单了
购物券未收到	我想问下送的十元天猫购物券在哪里
颜色区别	这几个颜色有什么区别
预约安装	怎么打电话联系安装
邮费差价	运费险根本就不够
花呗还款	首次还款时间
联系快递	物流留的电话联系不上
购物券未使用	店里的购物券没用怎么办
包装要求	如果可以想让换个盒子呢
优惠券无法领	没有会员就不能领优惠券吗
辱骂语言	听得懂人话吗
配件套件单买	有配件可以买吗
重开发票	发票开错了抬头 
难过	不开心
发货数量	一共发几盒
赠品发货咨询	我下单，积分和赠品是自动发货还是怎样
红包无法用	红包怎么用不了
物流单号咨询	把物流单号发我下
发票缺失	昨天买的，未开发票
功效功能	这款有什么功能吗
不要开票	 不用给我开发票了 
预售退款	这个如果到时候我不付尾款他会退定金嘛
直播购买指南	一号直播间怎么买优惠50
红包使用	支付宝红包怎么用
分地址发货	买两箱可以分两个地址发吗
无理由退换	这个几天无理由退换呢
发送截图	看我发的图片
不发要退货	你们不发货我可以直接退款
要求延迟发货	那你现在先别急给我发货
显示签收	物流显示已签收了
版本款型区别	游戏版和普通版有什么区别
商品材质	这款是铝材吗
优惠券未收到	送的优惠券没收到
直播间福利	什么时候直播抽奖啊
上门取件	快递能上门取吗
花呗期付	什么是分期购
能否降低活动门槛	差一元钱不给领卷吗
优惠券未使用	忘记使用优惠券了可以帮我使用吗
定金支付问题	这款不需要付定金吗
颜色推荐	那种颜色好看呢
为何下架	下架买不了
邮费差价	运费险赔付只有一半吧
发售咨询	怎么还没开始卖
订单状态未同步	为什么短信提醒我没付款成功
购买限制	 没有限购吧 
请求活动链接	你们把原来抢购活动页面发我
购物券未使用	我的订单，购物券怎么没用上呢
查询或下载发票	我的发票网上无法下载
开票类型	不可以开纸质开票吗
邮寄发票	我的发票还没快递
邮寄发票	发票一般什么时候发
退差价咨询	怎么申请差价退款
安装教程	自己安装简单吗
店铺活动	有什么活动吗
修改订单信息	还没发货呢，给我换个37的
优惠券退款	优惠券不退回怎么办
货已收到	您好，我昨天下单的商品收到了
直播奖品	你好请问直播间中奖的什么时候发货
商品说明	安全锁是什么呢
无法申请退款	没办法申请退款
商品议价	有学生证能便宜多少
能否降低活动门槛	差一点金额就满足优惠条件了，能通融吗
优惠券未使用	我付款了忘记使用优惠券了
否认	不行
无理由退换	特供版支持7天无条件退货吗
宝贝为何原价	为什么显示原价
礼品包装	包装是牛皮纸包装
是否备注	直播间不是需要备注的吗
商品分类	那这款是基础油是吗
为何下架	怎么显示下架了
退货运费	拒签再退款扣不扣我运费
预售退款	支付尾款后就连定金一起退吗
物流无更新	快递信息怎么一直没更新啊
为何拒收	我寄过去你们拒收是几个意思
安装服务及费用	会上门安装吗
发送截图	这是我的订单截图
退货形式	同一个订单想一起寄回
帮忙	帮我
红包退款	红包会退么
希望	希望顺利
优惠影响	取消订单重新拍价格不变吗
保密发货	快递包装能不显示避孕套吗,因为不是直接收到
如何下单付款	等下付钱怎么付
索要说明书	会给说明书吗
换货条件	这款尺码买错了的话可以换吗
愤怒情绪	真服了
无法分期付款	额度有***多也分期不了
发货数量	给我发了多少盒
预约送货时间	能否安排晚点送货
感叹	omg
店铺活动	双十一有优惠吗
请求活动通知	如果有活动，有通知吗
退款关闭	退货已经早退了，为什么退款关闭了
补偿赔偿	我的30元补偿还没有收到哦
取消订单	帮忙把订单取消了
安装服务及费用	哪些地区是包安装
商品议价	现在拍下有便宜吗
修改邮费	修改运费
购物券退款	跨店购物券退款
红包未用	我有5元店铺红包没用
催促发货	我付了订金怎么没发货
催促退款	给我退钱
直播价格	直播间是这个价格吗
愤怒情绪	你们也太会赖了吧
投诉需求	对于你们,我会进行投诉
售后服务咨询	怎么申请售后，我不会
退换货物流	退款可以选择什么快递
补差价购买	能先买后补差吗因为过几天不在家了
商品议价	价格可以优惠吗
包装要求	包装精美点
价格变动	今天买怎么涨价了
领取红包	红包领完了吗
购买限制	 不可以拍2件 
无理由退换	所有商品都是七天无理由退换货吧
是否预售	没有现货么
商品挑选更换	2包可以选不同号的
如何评价	试用两天再评价吧
试用装咨询	有小样吗
优惠券未使用	我有一张优惠券没有用
不发要退货	不发货就赶紧让我退货
商品说明	三架马车都是什么
难过	心累
退款原因	退款原因写什么
放弃	那随便吧
如何评价	过两天再评价
重复付款	东西还没买，钱扣了我两次
会员信息查询	问可以帮我查下我的授信会员级别吗
填改退货单号	退货快递单号写错了请问哪里修改
丢件	 你帮我查一下快递，是不是给弄丢了 
联系快递	帮我查一下快递点的电话呢
退换货地址	我想问一下我退货需要寄什么地址啊
物流异常	 麻烦帮我查一下快递异常是什么原因 
否认	并没有啊
坏了	 我微波炉怎么就坏了 
是否免息	三期免息啥意思
无法分期付款	不能尾款分期啊
商品价格	請問價格是148嗎
物流异常	怎么显示包裹异常 
不喜欢不合适	 现在不能穿了,太紧了 
能否直播价购买	这个拍下还能直播价格吗
优惠券退款	优惠券为什么退不回来
换购	现在可以加一个0.01元换购么
购买限制	 只能下单两本 
发送截图	我给你发个截图吧
修改发票	 已经发货还能改抬头吗 
运费险理赔	运费险怎么返还
赠品缺失	没收到送的礼品
索要补发信息	昨天说的给我补发 
查询物流	这个商品在哪
发送截图	详情截图我全部发你了
是否预售	这款是现货吗
丢件	 货丢了，根本没收到，显示签到了 
货到付款	 我没有支付宝可以货到付款吗？ 
何时上货	预定要多久有货
规格尺寸区别	两本装跟6本装有什么区别吗
试用装咨询	试用装链接呢
不发要退货	因为长久不发货，我要申请退款
我要买	我买很多件呢
退款成功	我产品没有退回就显示退款成功了
催促退款	已经提交退款申请了，麻烦老板同意一下哈
赠品属性咨询	这个送的企鹅杯可以装多少水
请求活动通知	下次有搞活动发信息告诉我
货已退回	货已经给你们发过去了
换购	支持换购么
无法下单	为什么拍不了
商品挑选更换	亲,颜色是自己选吗
描述不符	 和照片不一样 
延长收货时间	 延长收货五天 
保密发货	发货单请你不要写多少钱
如何评价	那我去评价好了
购物券使用	购物券可以跨店使用吗
联系快递	怎样才能联系你们派送员啊
付款失败	我这个订单下午没有付款成功
赠品质量问题	赠送的商品无法使用
配件套件单买	能在你这买配件吗
描述不符	你家商品与图片大小严重不符 
愤怒情绪	恶心死了
红包未收到	红包没收到啊
适用人群	女孩子用这个可以吗
货已拒收	算了我直接拒收
物流无更新	物流怎么不动了
能否降低活动门槛	398了帮我省80行不，就差一元钱了
搭配推荐	这搭配套装哪里买
保修卡咨询	说收到联系你给我保修卡
使用周期	这个一个用几个小时
购物券退款	请问店铺可以退购物券的金额给我吗
是否预售	预售什么意思
直播领券	直播间优惠券哪里领
领取购物券	有购物券（购物津贴）吗
帮忙	求助
延长收货时间	 没有延长收货按钮
加卡片	可以写个小卡片吗
花呗额度	分期付款花呗不够怎么办
红包未收到	收藏红包在哪里
退货运费	退货可以到付吗
延迟下单	我明天再拍
质量情况	如何保证品质呢
已拍已付	我拍好了
查询物流	我的货寄到哪里
物流无更新	货没到就算了怎么还没更新
拍错商品	我发现东西多买了一样
无法分期付款	不能分期付款吗
退款成功	亲，我看退款成功
通常发货时间	马上能发货么
为何还有运费	 咋有邮费 
退货条件	不是正品能退货吗
填改退货单号	退货单号扫错了
购买限制	 一盒可以拍吗 
直播奖品	昨天直播间中奖的今天来登记
发货形式	是分开发货吗
活动时间	预售什么时候有啊
换货需求	如果要换货怎么弄
无理由退换	七天无理由退换货是怎么算时间呢
颜色推荐	买什么颜色的人多
直播购买指南	304直播间799的怎么拍到
购物券退款	退款购物券（购物津贴）会退回吗
规格尺寸区别	80ml和90粉喷区别在哪
拍错商品	我有的买错了
修改发票	 发票上购买方信息税号填错了
优惠券未使用	我忘用优惠券了还能用了吗
下单减价	 直接下单自动减 
售后服务咨询	这个售后怎么样
颜色区别	玫瑰两个色有什么区别
为何召回快递	为什么我的快递会被召回
保价咨询	保价怎么弄
购物券未收到	我充值送的购物券什么时候到账
退换货物流	退货用ems寄可以不
索要图片信息	你发点图片过来
领取红包	不是有红包吗
不要开票	 请不要开具发票，谢谢 
加单咨询	我还要补拍一件东西怎么弄
是否有货	纯黑没有41了吗
活动时间	你好什么时候促销啊
丢件	 我件丢了你们管不管 
发票缺失	没有开发票
无法分期付款	这个不能分期么
邮寄发票	都等了快半个月了，发票什么时候到啊 
能否活动价格购买	双十一的价格现在能提前买到吗
送货形式	 邮政送货上门吗 
要求延迟发货	不是说先不让你给我发货吗
修改邮费	一起买几样可以改不付运费吗
领取优惠券	我看到评论有优惠券领
拍错商品	我有一个多拍了
货票同行	 发票到时会一并收到吗 
凑单咨询	这款怎么凑单啊
邮寄发票	发票怎么寄过来啊
如何下单付款	我的意思是11号付款在哪里付
高危风险	对我人身安全都有威胁了
开票类型	可以开机打发票吗
使用及教学视频	发个视频教学
商品日期	保质期几年
是否免息	什么情况免息呢
延长收货时间	 那给我交易时间延长一下 
使用花呗	我的花呗额度够，为什么还是不能用花呗呢
不发要退货	明天还不发我就退货了
直播优惠	直播间有赠品是吧
重开发票	 发票开错了怎么办 
中奖名单	那个中奖名单能查吗
红包未收到	还没收到红包呀
修改收货信息	怎么修改订单的送货地址
发货形式	你们帮我寄了几个包裏
货到付款	 这个是货到付款还是先支付在送货呀 
返红包	怎么没有给我返红包
联系快递	赶紧叫快递联系我
修改发票	 我需要更改开票抬头 
会员申请	你们天猫超市有会员卡吗
催促换货操作	亲，麻烦同意一下换货
催促退款	请尽快退款
求回复	您说
显示有下单未付款交易	为什么显示有人没付款呢
能否活动价格购买	能先按优惠价卖我吗
货已退回	货已退回
换货条件	质量有问题，能换货吗
感叹	哇塞
退货条件	可以免费退货吗
发错地址	昨天我问了一次他发错地方了
未支付尾款	请问该单尾款没支付怎么办
售后服务咨询	售后服务怎么弄
没有效果	感觉没什么效果
抢不到	每次抢你们家东西都抢不到
红包未收到	没收到红包
安装异常	根本装不了
难过	哭唧唧
申请退款后发货	这个我点了退款怎么又发货来了
提醒发货检查	请检查仔细后发货谢谢
默认快递	请问一般发什么快递
无法拒收	现在拒收不了怎么办
领取优惠券	优惠券链接
修改退款信息	我已经申请退款了还可以改吗
优惠影响	我是加了一次购物车，重选就没有优惠了
开票内容	现在需要填发票单位吗
商品说明	维c是什么
已拍已付	我定了两单
宝贝为何原价	这个价格怎么还没有变
商品议价	现在买能优惠点吗
查询物流	知道东西具体到哪了吗
投诉需求	赶紧联系你找的快递，不然我要投诉
求加微信	能加老板微信吗
漏了	 亲有一个漏气了 
领取购物券	还有购物券吗
赠品	有什么赠品吗
通常到货时间	咱家如果发顺丰几天可以邮到
活动时间	还会不会搞活动
直播领券	求直播优惠券
否认	都不行
优惠券无法领	首页的优惠券不能领了
破损	 看到裂痕了吗 
开票类型	普通机打发票有不
退货运费	运费谁赔付
通常发货时间	明天能发货么
商品清单	里边都带什么东西
规格尺寸区别	90d比85d大多少
漏了	 只剩下大半瓶了
无物流记录	查询不到物流跟踪记录
售后维修网点	维修网点
无法拒收	不方便拒收
换货维修运费	那个维修的快递费怎么处理
领取优惠券	有优惠券吗
商品议价	大学生购买便宜吗
使用花呗	我想花呗买这个
开票类型	我选择的是纸质发票
重拍商品	怎么重拍
红包退款	退了再买可以吗，红包还退吗
功效功能	亲这个有什么功效啊
直播购买指南	直播间这个是直接拍吗
求等	等我一会会
加单咨询	还没发货我想追加一样到原订单，能免运费
赠品发货咨询	赠品什么时候发
加单咨询	我还要加一件货
购物券未收到	送的购物券（购物津贴）没收到
赠送运费险	我看上面标的赠送运费险
花呗还款	怎么查看分期账单
催促快递	快递一直不送货
宝贝为何原价	付款时又原价
搭配推荐	你好，这个配套商品是哪一个
去拍去付	妞儿，我准备下单了
换货需求	换成其它款的
发送截图	看了我发的图片么
商品单卖	有卖单瓶的吗
描述不符	 跟我买的时候看到的不一样 
颜色推荐	这个衣服哪个颜色卖的好
换货需求	我要换货，怎么换
换货需求	这件也需要换
提醒发货检查	发货时检查下质量问题
我要买	要买三台
秒杀	秒杀时间
运费险购买	能否购买运费险
赠品挑选更换	送的是随机嘛
赠品挑选更换	赠品选错了可以改吗
我要买	我现在要买东西
提醒发货检查	发货前检查好质量
赠品	现在预订还有礼物送吗
花呗期付	要利息和手续费吗
通常发货时间	我拍完了，今天能发货吗
退货注意事项	衣服包装那个纸箱不寄回去可以吗
预售退款	预售订单可以退款吗
催促快递	快递太慢
换货维修运费	换货是我们出邮费还是到付
运费险理赔	这样运费险快递赔多少呢
物流单号咨询	物流单号是哪个
定金无法支付	只能加入购物车不能付定金
未收到但显示已签收	我的货没收到，还显示签收了
重开发票	 为什么发票上与实际付款不相符 
购买渠道区别	商品和专柜的有什么区别
修改收货信息	帮我改下订单的姓名吧
退款原因	退款原因填什么呢
退换货物流	退货快递用什么
版本款型区别	这个男款与女款有差别吗
索要图片信息	有上身的效果图吗
索要说明书	收到货了有使用说明吗
赠品发货咨询	赠品什么时候寄过来
能否活动价格购买	可以提前享受活动吗
催促发货	怎么还没发货呢
直播优惠	这个水乳直播间今天有什么活动
能否下单付款	这个现在还不可以下单吗 
售后服务咨询	请问是退款还是补发
全国联保	联保是保修吗
红包未用	有五块红包忘记用了
发错商品	这不是质量问题但是你们发错货了
使用花呗	能不能一半花呗一半余额
要求召回快递	你们自己召回快递就行了的
联系快递	打快递电话关机了
全国联保	那怎么联保
交易关闭	交易關閉，但付款了！怎麼辦
显示有下单未付款交易	有买家未付款吗
换购	换购怎么换
催促发货	还能不能发货呢
退件查询	你们那边显示签收了
优惠券未使用	优惠券忘了用
返红包	什么时候可以返红包呢
索要重发信息	 鞋子寄回来了嘛 
指定快递	这不是不想用EMS
开票时间	 补开发票最晚可以多久补开 
开票时间	发票什么时候给开
索要换货信息	我换货的发货了吗
领取红包	你好我先问问新人红包在哪里领
未收到货	这个快递我没收到
交易关闭	交易付款后马上显示交易关闭是怎么回事
安装教程	有安装说明吗
货已收到	东西已经拿到啦
物流单号咨询	我不知道物流单号
中奖名单	预售半价名单什么时候出来
默认快递	默认的是什么快递
商品日期	产品日期和保质期是什么时候的
催促快递	17天了我的货还不到
门店信息	门店电话有的吗
直播价格	看直播到手价多少呢
退款去向	到时退款打到我这个账号吗
退差价咨询	可以退差价吗
取消退款	我申请退款能取消吗
修改收货信息	还没付款要修改订单地址
无法申请退款	现在申请退款，申请不了
申请退款后发货	有没有搞错，已经按退款还发货
门店信息	官方旗舰店在哪里
红包使用	双十一红包怎么用
购物券退款	订单取消，购物券能退吗
催促快递	怎么物流速度这么慢
物流单号咨询	物流单号多少
安装网点	可以去哪里安装
请求活动通知	嗯活动能提前通知吗
退款关闭	显示退款关闭，不能退货了啊
难过	哭哭
发售咨询	双十一开售
如何下单选购	 买一送一是直接拍两个吗还是直接送 
邮费咨询	 请问有运费吗 
订单信息查询	帮我看下我拍的是对的吗
购物券使用	这款双11可以用购物卷抵制价格吗
物流单号咨询	看不到物流单号
谅解	做生意不容易
付款失败	为什么付款失败呢
通常到货时间	这个到内蒙一般几天
包装要求	请注意包装一定包好送人的
抢不到	你这优惠卷怎么抢不到
默认快递	北京发什么快递啊
颜色推荐	什么颜色比较火呢
包装区别	联装和听装的区别
催促发货	就你这单没发了
店铺活动	有什么优惠
少件	其它都好就这一个少了
补偿赔偿	漏袋的补偿
发送截图	截图给你了
用法用量	有没有用的顺序
如何下单选购	 三送一拍三个还是直接拍四 
丢件	 物流问的怎么样了，东西丢了吗 
求等	马上回来
换货需求	帮我把眼影换成10号
确认收货时间	离自动确认收货还有多久
是否预售	你好我昨天下的订单是现货么
能否降低活动门槛	优惠券差一点能使用么
安装费用	远程费是安装费吗
使用花呗	无法花呗付款
到付运费	请问一下快递费到付是吗
辱骂语言	滚
预约安装	预约安装时间
包装方式	 这是混合装的吗
默认快递	下单寄什么快递
加卡片	你们可以帮忙写贺卡吗
提醒发货检查	检查好了再发货，别有质量问题
支持花呗	有没有其他办法可以分期
影响退换因素	剪吊牌了还能退吗
红包无法用	天猫超市红包用不了
购买渠道区别	和实体店一摸一样吗
指定快递	不要发某个快递
订单状态未同步	为什么已经付款，但订单显示“等待买家付款”
影响退换因素	防伪码刮开了还能退吗
优惠券如何用	优惠券可以在尾款使用吗
购物券使用	这个上面没写购物券怎么用啊
红包无法用	刚刚领了五块红包怎么用不了呢
退款原因	退款原因没有选择啊
退差价咨询	是收到后退差价
优惠叠加	购物券可以叠加吗
信用卡支付	使用海外信用卡付款可以吗
质量情况	质量怎么样呢
退款关闭	退款关闭什么意思
颜色推荐	哪一个颜色好一点
优惠券如何用	优惠券使用有效期
查询物流	这个不能查询物流
索要取件码	我没有取件码怎么取
能否多送	多送几片吧
安装异常	就是装不牢固
填改退货单号	我的退货快递单号写哪里
查询物流	这个货怎么了，到哪里了
要求召回快递	我拍的是要退款的，麻烦召回快递，我不要了
搭配推荐	N件N折里面有没有好看的搭配推荐
货已收到	我第二单已经收货了
返红包	一元购中奖直接支付宝返红包
物流单号咨询	这个有物流单号不
货已收到	其他东西都收到了
无理由退换	只能7天退换吗
如何下单付款	没有钱支付怎么付款
无法申请退款	无法提交退款
新旧款区别	普通款和升级款差别是什么
要求拒绝退款	请关闭我的退货申请
准备或者已经申请退款	拍错了，已申请退款
空包	为什么发的是空包裹呢
难过	555
合作推广	可以直播卖您的产品吗
小票	订单有小票吗
价格区别	有些价格差那么大有何区别呢
期待	期盼
新旧款区别	升级版和豪华版有什么不同
加不了购物车	怎么不能添加购物车
物流异常	 包裹异常是什么情况 
赠送运费险	是否赠送运费险
邮费咨询	 有运费的满多少能包邮 
索要图片信息	尺寸图片发过来给我看
包装要求	你发货的时候可不可以换个包装瓶
新旧款区别	升级款和普通款有什么不同
花呗额度	花呗额度不够是不是不能分期了
到付运费	顺丰到付多少钱
交易关闭	银行已扣款，但显示交易关闭
无法申请退款	显示交易成功,无法申请退款
直播购买指南	这个要怎么拍直播价呢
补偿赔偿	怎么补偿，那地方不应该有磨损
颜色区别	白色和粉色差别在那里
礼品包装	最小的有带手提袋的吗
退换货地址	退款同意了，地址在哪
补偿赔偿	我要你们全赔
包装要求	可换个盒子装吗
无法下单	怎么拍不起来
拍错商品	你好，我买错油了
帮忙	拜托了
填改退货单号	亲，我要改一下退货的快递单号，已寄回了
取消退款	我点错了，不小心申请退款了
会员信息查询	你们店铺的会员等级系统是不是重新更新了
为何拒收	产品已经退回为何拒收
未收到货	你们客服说发货了我没收到怎么回事
发票缺失	我付完款发现我没开发票
补邮费咨询	发顺丰补价多少钱
定金支付问题	这个能提前支付定金
补邮费咨询	发到江苏怎么补运费
活动奖品	奖品能换吗
购物券未收到	购物券哪里查
寄件范围	亲，你武汉送吧
保密发货	请问包装是保密的嘛
商品规格	亲这能放多重的东西
期待	好的期待吧
到付运费	我邮寄到付可以吗
补差价购买	比较着急要，可以补差价
保密发货	寄来的包装上不会注明孕妇装吧
优惠券无法领	满减优惠券领不了
礼品包装	有包装袋么
红包退款	退款了红包会退回来吗
索要图片信息	图片截过来
指定快递	转寄EMS可以吗
商品价格	售价多少钱
直播购买指南	直播狂欢价格怎么拍呢
未支付尾款	那天尾款忘记付了
如何下单选购	 买一送一是直接拍2免一吗 
显示签收	快递显示已经签收
重拍商品	我需要重新拍
加不了购物车	不能放购物车
要求召回快递	亲，我看到这个发货了，可以申请召回快递吗
到付运费	顺丰到付是**块吧
购买限制	 可以拍两次
补邮费咨询	顺丰差价多少
小票	需要提供收据
催促快递	我的件怎么还不来
难过	心情很糟
坏了	我两件东西坏了 
谅解	体谅你
使用周期	3盒一个疗程吗
是否有货	这个有货嘛
修改价格	你没改价嘛
为何召回快递	亲，货怎么帮我拦截了
货票同行	发票随机器寄出吗 
退款去向	退款怎么还没到账呢
定金支付问题	这个预售定金怎么付呀
商品材质	是全铜的吗
使用花呗	怎么不支持花呗
红包使用	支付尾款可以用红包吗
购物券未收到	收藏送购物券在哪里
搭配推荐	这商品的搭配的东西有嘛
赠送运费险	如果不合身有运费险吗
运费险购买	运费险怎么购买
索要说明书	可以发一份说明书给我吗
运费险购买	怎么看是否有买运费险
换货条件	这个衣服穿这不舒服能换码吗
定金无法支付	这款好像不能付定金
无物流记录	没有物流进度
优惠叠加	亲我有一张优惠券，购物券还能用吗
为何还有运费	 显示有邮费 
索要取件码	自提柜的我输入取件码，就显示已被取出
全国联保	不是联保吗
延长收货时间	 为什么没有延长收货的功能 
换货维修运费	维修的运费谁来负担
优惠券无法用	这款不能用券麽
开票时间	 能不能崔下你们财务，给我开发票快点
到手价咨询	这是两瓶到手价是[n3]吗
清洁保养	可以用开水消毒
修改订单信息	订单商品属性可以修改吗
是否正品	怕是假的
秒杀	秒杀每天几点开始
直播购买指南	怎么返直播价呢
功效功能	能不能控油
免定金咨询	亲，返定金是返多少
搭配推荐	这款商品下面配的是哪款
如何下单付款	怎么付款
延迟下单	恩过几天买
门店信息	没看到实体店联系方式啊
优惠叠加	优惠券可以叠加吗
发货形式	为什么不是一起发货
要求延迟发货	我要延迟发货
送货形式	 哦，可以预约送货上门吗
无物流记录	显示发货了，没有物流明细
空包	亲,这一包空的
安装教程	有安装视频吗
辱骂语言	垃圾商家
催促换货操作	为什么还不同意我的换货申请
红包未用	怎么我的11.11红包没用上啊
下单减价	 直接拍了就减 
物流揽件中	揽件两天了
修改收货信息	我要修改订单的收件地址
赠送运费险	你们不赠送运费险吗
安装服务及费用	谁给按装
拍错商品	我拍错东西了，落了一样
显示签收	已经显示签收很多天
未收到货	包裹没到怎么处理
空包	我刚收到是个空的
能否活动价格购买	现在下单可以提前优惠吗
联系快递	顺丰电话多少
安装教程	请问这个能自己安装吗
如何评价	我要评价
申请退款后发货	这个申请退款了还会发出来吗
包装要求	你好帮我换成约惠礼盒款下
优惠券无法用	领的优惠券怎么用不了
中奖名单	能不能帮我查下有没有中奖
主播推荐	薇娅推荐的是什么颜色
